Dataset,Model,Experiment name,Accuracy,Average Confidence,Standard Deviation Confidence,Average Entropy,Average mean,Average variance,Average skewness,Average kurtosis,Average top5 Entropy,Average top5 mean,Average top5 variance,Average top5 skewness,Average top5 kurtosis,top2_grad_confidence
imagenetsketch,vgg19,predict_imagenetsketch_vgg19_23-07-2023_15-17-27,0.17936373818553378,0.39902216580555805,0.27170488345274796,2.7349436602822332,0.0010000000788436452,0.00026772373037950377,21.967813444096347,565.8773180555954,1.1385585420246098,0.1323129410210623,0.0413478427431005,0.9385845487124007,-0.5057449265862122,0.2767887132273805
imagenet-r,resnet50,predict_imagenet-r_resnet50_24-07-2023_00-36-14,0.03406666666666667,0.12105982197651077,0.17011678885983683,3.8231942886079353,0.00025070176135641307,4.426946199426525e-05,20.59756682043473,559.3326252306621,1.0155926605276142,0.028958885953134936,0.0085084040930692,1.0755588078471796,-0.32417343985239666,0.10889555864463764
imagenet-r,resnet18,predict_imagenet-r_resnet18_24-07-2023_00-53-39,0.028333333333333332,0.208789149821254,0.2972152351027852,1.974000871117379,0.00028082968447706706,0.00013496442550241076,24.135268152300515,656.951058128357,0.9733811765179072,0.05089149668230892,0.025779969815588312,1.0405921941410103,-0.3764065751671791,0.1831142471918128
imagenet-r,resnet34,predict_imagenet-r_resnet34_24-07-2023_01-01-37,0.0302,0.23439446259686836,0.3216029304298617,1.8191799921878435,0.000295092641253279,0.00016118014707971166,24.890840382003784,689.4793047598521,0.9064536349215708,0.05485739385255088,0.031113068563560373,1.079015527433877,-0.3317732457637787,0.21101011413418463
imagenet-r,resnet101,predict_imagenet-r_resnet101_24-07-2023_01-12-14,0.03203333333333333,0.2658669057747023,0.34987923308169716,1.6980960949864339,0.00031619098543284865,0.00019581150379395873,25.439333303340277,714.4200909243266,0.8379560377999736,0.06003850422692942,0.0381035221324782,1.1079124604497241,-0.29100990599393844,0.24467407330155147
imagenet-r,resnet152,predict_imagenet-r_resnet152_24-07-2023_01-34-36,0.033133333333333334,0.28231382231388263,0.36213142789123104,1.6833520852572672,0.00033198313079731536,0.00021363395171787955,25.45451473514239,,0.822749944945424,0.06325192479363063,0.0416424510199549,1.1197915179801865,,0.26118730781477584
imagenet-r,vgg16,predict_imagenet-r_vgg16_24-07-2023_02-06-21,0.0227,0.1921061028118085,0.28795526763497364,1.9380009848072894,0.00025900134213309293,0.00012272397943840227,24.125263339821498,,0.9838096757388797,0.047117236932976266,0.023420578792380842,1.0251770907214728,,0.1674186632644456
imagenet-r,vgg19,predict_imagenet-r_vgg19_24-07-2023_02-32-26,0.024333333333333332,0.19300766504479938,0.2911284664650323,1.9508485940997755,0.000257079071124493,0.00012478963271025755,24.17305920551618,,0.9767731046561346,0.046889152095617906,0.023869584519119576,1.0419618379256401,,0.16934474314286618
imagenetsketch,alexnet,predict_imagenetsketch_alexnet_23-07-2023_16-11-47,0.10718987640250732,0.33538577401321845,0.22472928817909743,2.9566615462247623,0.0010000000669690124,0.0001980107765181915,20.650933912734505,509.92941671780994,1.2452985029951789,0.12321001202983206,0.027328784363897175,0.8853194556294013,-0.5629828531385904,0.21305367444654966
imagenet-r,alexnet,predict_imagenet-r_alexnet_24-07-2023_03-02-33,0.019366666666666667,0.1487273675555689,0.23892786671287514,2.0214172063193043,0.00022379703046866755,8.202493160749172e-05,23.287058261299133,616.0059678816477,1.0782571700465997,0.03936424918111426,0.015332363825499861,0.9745284889110581,-0.4585910699129105,0.12328057801703747
imagenet-r,resnext,predict_imagenet-r_resnext_24-07-2023_03-06-54,0.03886666666666667,0.13930813646193976,0.17588123289287255,3.642441397372757,0.0002602416000809986,5.101132461301738e-05,21.938285951586565,613.3863617477099,0.9153057677537824,0.032128352116539464,0.00986452443751511,1.1271914115211423,-0.2583591505289078,0.1278888177204292
imagenet-r,googlenet,predict_imagenet-r_googlenet_24-07-2023_04-48-12,0.029133333333333334,0.1729769148903125,0.26444183048836917,2.9646508114137093,0.0002697837596630728,0.0001018901293436359,22.193142905569076,591.0922793579738,1.0503420577695932,0.04245214781427421,0.019493119948539053,1.02650094612273,-0.3875295412182808,0.1518327679684231
imagenet-a,resnet50,predict_imagenet-a_resnet50_24-07-2023_05-08-29,0.145290047897818,0.08750416753665696,0.11526312815009486,3.851357602657569,0.00024803176527897296,2.2355143241320198e-05,20.629107016762752,529.4865140294445,1.1766046453435857,0.026309872504776177,0.0038897189513175385,0.9646993599929414,-0.47500769039809293,0.06610909063620937
imagenet-a,resnet18,predict_imagenet-a_resnet18_24-07-2023_05-13-27,0.011442256519425226,0.17133609963795043,0.22241913795351728,1.9930572461055625,0.0002826612523586877,8.300605860980865e-05,23.645694215415702,630.6224304349452,1.0598545793878418,0.04820362487794819,0.01495677550881315,0.9838374786771439,-0.4577301268630868,0.13514830598295793
imagenet-a,resnet34,predict_imagenet-a_resnet34_24-07-2023_05-15-22,0.018626929217668974,0.18898549376672436,0.24199551753365403,1.8304374690231404,0.0002864234938388068,9.83488665624575e-05,24.522879852203058,669.0383887521887,0.9917525019127023,0.05061672652335143,0.018015958826431283,1.0323698172583389,-0.39849234352154955,0.15462728228542244
imagenet-a,resnet101,predict_imagenet-a_resnet101_24-07-2023_05-17-51,0.04723257051623204,0.20398158412830333,0.2670337410974071,1.6710065278968111,0.0002864630978369412,0.00011715645248401427,25.192584120383472,697.496472438388,0.9290328629724819,0.052229921081799746,0.021831733613628574,1.0596713111582152,-0.36457650602149355,0.17124807296254754
imagenet-a,resnet152,predict_imagenet-a_resnet152_24-07-2023_05-23-35,0.06027142096860032,0.20590343562645855,0.26351080128756854,1.6390621258322435,0.00029043050272639165,0.00011636203002601196,25.276613389893754,701.1611584561375,0.924401536589143,0.05310050855536827,0.021556010790616358,1.0622018700880091,-0.3601884787675229,0.17157611224521463
imagenet-a,vgg16,predict_imagenet-a_vgg16_24-07-2023_05-31-53,0.026343799893560404,0.17248675351421403,0.221548009751005,1.9768871538095805,0.0002845854005040656,8.314294376071652e-05,23.719326981653108,634.6360147515785,1.0519050101242446,0.048483617242853896,0.014955276155026323,0.9947359698272463,-0.4381652172890796,0.13588864663975214
imagenet-a,vgg19,predict_imagenet-a_vgg19_24-07-2023_05-38-26,0.021021820117083555,0.17241486418452953,0.22368528704650967,1.982299617552556,0.000284116735034901,8.393885689746716e-05,23.684806594257346,633.5584026415846,1.052196373263625,0.048303817602920886,0.015136104657007985,0.9945764974722843,-0.43646705509056877,0.1369073528502787
imagenet-a,alexnet,predict_imagenet-a_alexnet_24-07-2023_05-46-07,0.017695582756785525,0.13141167457198827,0.17297606739770002,2.3041267526425804,0.00026055064159383656,5.097699094238055e-05,22.044168850409978,563.8942781603672,1.1763633477955229,0.040859386490851836,0.008756203396932024,0.9250685133697116,-0.5181426060301246,0.09630405039980836
imagenetsketch,resnext,predict_imagenetsketch_resnext_23-07-2023_16-20-08,0.3256174962174058,0.2681522769282502,0.18195650913131808,4.825314106803578,0.001000000032825154,0.00011575293647245718,23.943442993381815,650.4834580685019,1.0204622964198282,0.08133776862584859,0.019010117958984732,1.0415125275116126,-0.37912429775623624,0.20118814893935263
imagenetsketch,wide_resnet,predict_imagenetsketch_wide_resnet_23-07-2023_17-42-19,0.3323966909669686,0.4481272927747888,0.25222215140931664,3.3675035471016845,0.0010000000319604632,0.00028428800634930807,25.459519779681457,711.977433289972,0.8866900370101856,0.12538347012436923,0.0493796076066236,1.091323367200093,-0.32580908404398984,0.3541541686750298
imagenetsketch,densenet121,predict_imagenetsketch_densenet121_23-07-2023_19-00-09,0.24247902379595607,0.444259306746566,0.2841986534769078,2.5394198997499697,0.0010000000749731234,0.0003122024759443243,23.098346047565304,612.496622961083,1.0627095364884687,0.13937683137342818,0.05031563777603718,0.9884499997226907,-0.4464808575274193,0.3225223270160214
imagenetsketch,googlenet,predict_imagenetsketch_googlenet_23-07-2023_19-37-07,0.2305515710046963,0.295991506443887,0.25248018275918516,3.929298336434946,0.0010000000323173196,0.00017239203688742467,20.631833774084818,517.1804097310091,1.2006390915227811,0.09929444907142972,0.027055907217769903,0.914871626305491,-0.5267859405028401,0.20473442980903223
imagenetsketch,mobilenet,predict_imagenetsketch_mobilenet_v2_23-07-2023_20-01-32,0.19962272307480694,0.124374457901292,0.140493337641697,5.621583280170976,0.0010000000303980717,4.194939877971013e-05,16.735300771903052,378.5668110615197,1.35698996457455,0.04776156643976783,0.006045505468034535,0.8339386988643273,-0.6126110068621416,0.07743950109798833
imagenet-r,wide_resnet,predict_imagenet-r_wide_resnet_24-07-2023_03-51-43,0.0381,0.2602079402113708,0.3093614873464116,2.8292223294287417,0.00033995144001929326,0.00016475354455491097,23.91721537992954,682.6374383383115,0.7937678135460596,0.05684254807159529,0.03231589492288971,1.1663299800759452,-0.21191412687301636,0.24547266357401445
imagenet-r,densenet121,predict_imagenet-r_densenet121_24-07-2023_04-30-34,0.030066666666666665,0.2336054886662027,0.3204617258234034,1.883998277277578,0.0002941811789604247,0.00015990733188936618,24.645531821870804,680.8068531656901,0.9148423634933837,0.054580773736012965,0.030871732268960932,1.073745427838518,-0.333275141398112,0.21058796444629593
imagenet-r,mobilenet,predict_imagenet-r_mobilenet_v2_24-07-2023_04-58-40,0.027033333333333333,0.06870164473101564,0.12715853505889074,4.185674184685837,0.0002145912579880928,2.1567354429432183e-05,17.32043602631887,423.0230456478437,1.2498948388137583,0.019460252381220684,0.004002816768665,0.93043645302602,-0.4955327169060707,0.055886470709161584
imagenet-a,resnext,predict_imagenet-a_resnext_24-07-2023_05-47-17,0.27474720596061736,0.10678437589849737,0.13352290460431887,3.6800763871808213,0.00025584315214284776,3.076479925514291e-05,22.140222126702287,593.6633407327645,1.0705453609665674,0.029607858390684375,0.0055247048123837255,1.0330340375163753,-0.3976379116365667,0.08502497520824236
imagenet-a,wide_resnet,predict_imagenet-a_wide_resnet_24-07-2023_05-58-37,0.22139435870143692,0.17738845706128728,0.22273380030442813,2.928713652916191,0.0002882506001919789,8.42014260814099e-05,23.972234993570343,662.6830517563368,0.9559524093488241,0.04516010681108185,0.015646728487881567,1.0742862147976306,-0.34853413076144446,0.14883237162706542
imagenet-a,densenet121,predict_imagenet-a_densenet121_24-07-2023_06-09-29,0.021420968600319317,0.17626576476525405,0.23137331374772488,1.8852522850765556,0.0002746897212801497,8.878613995818642e-05,24.227745713928776,655.6453527640383,1.0148966086236835,0.04811852615518385,0.01615452761433833,1.013079979984199,-0.42371305184138464,0.14135840693974233
imagenet-a,googlenet,predict_imagenet-a_googlenet_24-07-2023_06-14-00,0.017030335284725917,0.12619986554021637,0.17936152467613378,2.9036271302450016,0.0002605766172406191,5.084370236852136e-05,21.814834007308356,561.8384757338844,1.1614827500159857,0.03732166035974126,0.009020995941750707,0.9517953550107341,-0.48650741670726777,0.09686384997367407
imagenet-a,mobilenet,predict_imagenet-a_mobilenet_v2_24-07-2023_06-16-41,0.033661522086216075,0.05838001486241708,0.0851376708446867,4.088969510863473,0.00023607924133323846,1.1860505851291803e-05,17.914510644452886,422.65372845237084,1.3170487483008753,0.020555141478020882,0.001909197704896025,0.8762158414592075,-0.5695760774606082,0.03942676387519584
imagenet-r,resnet50,predict_imagenet-r_resnet50_24-07-2023_13-58-07,0.03406666666666667,0.3094655764879348,0.28217024320425016,3.8231943286870917,0.0010000000296354603,0.00018404742718221314,20.59756580666701,559.3325828567187,1.0155926606806305,0.08336380978766829,0.03335459641216351,1.075558805914463,-0.32417344152530037,0.2600560783379047
imagenet-r,resnet18,predict_imagenet-r_resnet18_24-07-2023_14-19-26,0.028333333333333332,0.515376789511616,0.29484351116220375,1.9740008850558628,0.0010000000377263253,0.0003877686075622781,24.135266453123094,656.9509862869263,0.9733811766954813,0.15375171961529802,0.06466896589817392,1.0405921902258772,-0.3764065749923388,0.3937368418508726
imagenet-r,resnet34,predict_imagenet-r_resnet34_24-07-2023_14-27-00,0.0302,0.5530251383531839,0.2998078695744209,1.8191800055182934,0.0010000000369385816,0.00042930100489905576,24.89083842538198,689.4792241273244,0.9064536359340893,0.15853472999458512,0.07343977233015696,1.079015528414089,-0.3317732432683309,0.43568828052894265
imagenet-r,resnet101,predict_imagenet-r_resnet101_24-07-2023_14-38-00,0.03203333333333333,0.5861355810645967,0.3089458690887597,1.6980961078423387,0.0010000000386266039,0.0004702569928751776,25.439331034326553,714.420040620931,0.8379560379692904,0.1613769983065625,0.08254806497746496,1.107912460281113,-0.2910099081158638,0.47600685083904304
imagenet-r,resnet152,predict_imagenet-r_resnet152_24-07-2023_15-02-10,0.033133333333333334,0.5919878806680441,0.3151103219947334,1.6833520984250834,0.0010000000397364299,0.0004797155812549439,25.454512556902568,716.4290226141612,0.8227499451715545,0.16107134753738842,0.08487561501720027,1.1197915180732676,-0.27530149616797767,0.48567737604705663
imagenet-r,vgg16,predict_imagenet-r_vgg16_24-07-2023_15-33-16,0.0227,0.5156941819864015,0.2887769384741085,1.938000997453696,0.0010000000380251245,0.0003868469847370761,24.125261572297415,654.7962430599213,0.9838096761674232,0.155878136320288,0.06374777836249398,1.0251770902928268,-0.39645187721649805,0.3880154865588544
imagenet-r,vgg19,predict_imagenet-r_vgg19_24-07-2023_15-59-38,0.024333333333333332,0.5171565663546324,0.29151036438575867,1.9508486074301912,0.0010000000386421258,0.00038867966171953107,24.173057313696543,658.2574729606629,0.9767731052994181,0.15491697433292867,0.06444951791262944,1.0419618410726246,-0.3761276868581772,0.3928520886955786
imagenet-r,alexnet,predict_imagenet-r_alexnet_24-07-2023_16-30-14,0.019366666666666667,0.4733892198735227,0.26292219053640614,2.02141721981676,0.0010000000370433554,0.00033603383887757446,23.287056710243224,616.0059037256876,1.0782571700694865,0.15425690022402752,0.05187213709412481,0.9745284849989464,-0.4585910701473554,0.3343043675617511
imagenet-r,resnext,predict_imagenet-r_resnext_24-07-2023_16-35-12,0.03886666666666667,0.35247826255055453,0.2916834628955464,3.6424414313005906,0.0010000000304697702,0.00021752338193723516,21.938284390779337,613.3862995935599,0.9153057680611033,0.09023073378892926,0.0401502480015745,1.1271914184805383,-0.2583591466466586,0.30561055596971515
imagenet-r,wide_resnet,predict_imagenet-r_wide_resnet_24-07-2023_17-20-57,0.0381,0.48390951417794764,0.35341510479940436,2.82922235733171,0.0010000000301127632,0.0003699686415620211,23.917213397053878,682.6373635361592,0.793767813529226,0.11846678385577786,0.06965373903577872,1.166329974395444,-0.21191413110097249,0.42841951385863897
imagenet-r,densenet121,predict_imagenet-r_densenet121_24-07-2023_18-02-15,0.030066666666666665,0.5437644385949398,0.3056943116519931,1.883998291021121,0.0010000000371442486,0.00042150282871992507,24.645529956674576,680.8067739331564,0.9148423638310921,0.15568875971895954,0.07229848334185582,1.073745430528729,-0.33327513934373854,0.4294307402738986
imagenet-r,googlenet,predict_imagenet-r_googlenet_24-07-2023_18-21-04,0.029133333333333334,0.3981079853752007,0.3070412109305716,2.964650838080985,0.0010000000303494745,0.0002730394795544574,22.19314184624354,591.0922363032658,1.050342057269431,0.11712970608938486,0.046915276529225,1.0265009458612817,-0.38752954392433164,0.31119646812523205
imagenet-r,mobilenet,predict_imagenet-r_mobilenet_v2_24-07-2023_18-31-59,0.027033333333333333,0.20932286342239628,0.21913194081552936,4.1856742277325445,0.001000000029154277,0.00010271005748521323,17.32043595380783,423.0230410913785,1.249894839301259,0.06918024765588343,0.016613879014104264,0.9304364537712274,-0.4955327172279358,0.15274023535924572
imagenet-a,resnet50,predict_imagenet-a_resnet50_24-07-2023_18-43-14,0.145290047897818,0.2678404893736519,0.20814536984475132,3.851357638316468,0.0010000000310326446,0.00013125367327559588,20.62910692898944,529.4865111533855,1.1766046441371785,0.08856902410575605,0.02028807178354912,0.9646993636963883,-0.47500768681356664,0.18792761048803852
imagenet-a,resnet18,predict_imagenet-a_resnet18_24-07-2023_18-47-51,0.011442256519425226,0.48554782609754166,0.259611452236673,1.9930572580470296,0.0010000000357877675,0.00034646913968245616,23.645692560443095,630.6223630311325,1.0598545803466806,0.15629056288289256,0.053759438952864946,0.9838374869959662,-0.45773012338958563,0.3429281897934185
imagenet-a,resnet34,predict_imagenet-a_resnet34_24-07-2023_18-49-50,0.018626929217668974,0.527121530021003,0.26665276907481444,1.83043747952548,0.0010000000365622175,0.0003903101297765958,24.522877942062934,669.0383103691942,0.9917525016787139,0.16166714178581643,0.06284319531057739,1.0323698182026917,-0.39849234939002176,0.3886750944191062
imagenet-a,resnet101,predict_imagenet-a_resnet101_24-07-2023_18-52-30,0.04723257051623204,0.5632449642300582,0.26967499271415485,1.6710065384041535,0.0010000000374605796,0.00043127104740082415,25.19258179970407,697.4665226969331,0.9290328627444582,0.1667130555602672,0.07123599372261051,1.0596713187771845,-0.36457651300021726,0.42503855626825676
imagenet-a,resnet152,predict_imagenet-a_resnet152_24-07-2023_18-58-32,0.06027142096860032,0.5689325985251398,0.2676050700018768,1.6390621359881377,0.0010000000371817774,0.00043681399396583686,25.27661072452884,701.1613376814358,0.9244015369924726,0.16805062533126763,0.0721226686835775,1.0622018690982389,-0.3601884791323198,0.42933700176147904
imagenet-a,vgg16,predict_imagenet-a_vgg16_24-07-2023_19-06-36,0.026343799893560404,0.49014173077440215,0.26204767217169767,1.97688716555255,0.0010000000377858485,0.000351706757260786,23.71932523437102,634.6359439299677,1.0519050099548495,0.15647244676521335,0.05490049882226437,0.9947359759664518,-0.4381652067892725,0.34889650311845183
imagenet-a,vgg19,predict_imagenet-a_vgg19_24-07-2023_19-13-19,0.021021820117083555,0.49005130925099305,0.2641350083089662,1.9822996327894922,0.0010000000395206164,0.00035222728769476253,23.68480482895746,633.5583315778756,1.052196372831738,0.15630054707723676,0.055094938292636446,0.9945764941243384,-0.4364670570731607,0.35035099403230324
imagenet-a,alexnet,predict_imagenet-a_alexnet_24-07-2023_19-21-02,0.017695582756785525,0.41129051002923117,0.23831563056171476,2.3041267650375516,0.0010000000358961906,0.0002690796366390087,22.04416797971903,563.8942419608392,1.1763633474300792,0.14425918826027442,0.038501812625756485,0.9250685091711889,-0.5181426067121363,0.27109469395933183
imagenet-a,resnext,predict_imagenet-a_resnext_24-07-2023_19-22-13,0.27474720596061736,0.3138798944134872,0.23193511104184852,3.6800764218033155,0.0010000000297160797,0.0001678821665923978,22.140221415951,593.6633142761058,1.0705453607945716,0.09499146910622208,0.027695610442552372,1.0330340408034824,-0.39763790418202094,0.23534123221262346
imagenet-a,wide_resnet,predict_imagenet-a_wide_resnet_24-07-2023_19-33-43,0.22139435870143692,0.4323290328403757,0.281649708661543,2.9287136795644577,0.0010000000320858967,0.00028791917946226556,23.972233441058087,662.6829923337733,0.955952410488102,0.122995796365881,0.0494399059276428,1.0742862240300346,-0.348534121308446,0.33714729791050996
imagenet-a,densenet121,predict_imagenet-a_densenet121_24-07-2023_19-44-35,0.021420968600319317,0.5124354655034107,0.26213543343150514,1.8852522964133378,0.0010000000350907626,0.0003742151242025278,24.22774389749388,655.6452777064691,1.0148966091936902,0.16000049303079092,0.059384594093700734,1.0130799832458337,-0.42371304973190677,0.3698488743939641
imagenet-a,googlenet,predict_imagenet-a_googlenet_24-07-2023_19-49-08,0.017030335284725917,0.3683527675727427,0.24754452201627644,2.9036271536611475,0.0010000000317761167,0.00022681775246207337,21.81483333049904,561.8384475636951,1.161482750760294,0.12366039479203907,0.03443024472420034,0.9517953582928976,-0.48650742252815776,0.2547841971369535
imagenet-a,mobilenet,predict_imagenet-a_mobilenet_v2_24-07-2023_19-51-50,0.033661522086216075,0.20031910088035204,0.16505086933769095,4.088969548042029,0.0010000000291429867,8.345658213873737e-05,17.91451101581615,422.6537426219715,1.3170487482998838,0.07662634641708267,0.011103971314754355,0.8762158403690995,-0.5695760750339157,0.12520368472901183
imagenet,vid,predict_imagenet_vid_robust_mobilenet_v2_24-07-2023_23-49-10,0.0,0.11935263490158832,0.11118861326671345,3.7860523583367467,0.0003138563771472036,2.7423742180454624e-05,22.609497293829918,622.8152655959129,0.9719470356358215,0.031104137990041636,0.005042639302033081,1.2367674863198772,-0.13546903617680073,0.10406358235377411
imagenet,vid,predict_imagenet_vid_robust_mobilenet_v2_24-07-2023_23-51-58,0.0,0.12496158645070016,0.1505693898954062,4.045978524360914,0.0004224919202040952,4.2518523707266906e-05,19.10410865512027,476.02856455829317,1.2166097428832712,0.04061039740752304,0.00697529839889394,0.9057013536282178,-0.5346319625272682,0.08914897152307451
imagenet,vid,predict_imagenet_vid_robust_mobilenet_v2_25-07-2023_00-04-20,0.007661661048115232,0.11935263490158832,0.11118861326671345,3.7860523583367467,0.0003138563771472036,2.7423742180454624e-05,22.609497293829918,622.8152655959129,0.9719470356358215,0.031104137990041636,0.005042639302033081,1.2367674863198772,-0.13546903617680073,0.10406358235377411
imagenet,vid,predict_imagenet_vid_robust_mobilenet_v2_25-07-2023_00-05-53,0.007661661048115232,0.11935263490158832,0.11118861326671345,3.7860523583367467,0.0003138563771472036,2.7423742180454624e-05,22.609497293829918,622.8152655959129,0.9719470356358215,0.031104137990041636,0.005042639302033081,1.2367674863198772,-0.13546903617680073,0.10406358235377411
imagenet,vid,predict_imagenet_vid_robust_mobilenet_v2_25-07-2023_00-06-25,0.058841556849524974,0.12496158645070016,0.1505693898954062,4.045978524360914,0.0004224919202040952,4.2518523707266906e-05,19.10410865512027,476.02856455829317,1.2166097428832712,0.04061039740752304,0.00697529839889394,0.9057013536282178,-0.5346319625272682,0.08914897152307451
imagenet,vid,predict_imagenet_vid_robust_resnet50_25-07-2023_00-11-20,0.057104913678618856,0.3756156200740461,0.25118695447676975,3.5055336186905683,0.0010000000316091205,0.0002204923166044391,23.232077683305484,643.5935120601334,0.9472816437229762,0.10569442105236457,0.03801880519952383,1.0771771128137677,-0.336912560346044,0.2971685275973986
imagenet,labels-imagenet-r,predict_imagenet_labels-imagenet-r_resnet18_01-08-2023_16-58-01,/datasets/ImageNet/val/n01498041/ILSVRC2012_val_00001935.JPEG,stingray,/home/davidva/experiments_David/predict_imagenet_labels-imagenet-r_resnet18_01-08-2023_16-58-01/results/val_embeddings/300_embeddings.npy,stingray,0.999687910079956,pufferfish,0.00021855418162886053,eel,7.956209447002038e-05,hammerhead shark,3.186993808412808e-06,broom,2.6534864900895627e-06
imagenet,labels-imagenet-r,predict_imagenet_labels-imagenet-r_resnet34_01-08-2023_17-19-07,/datasets/ImageNet/val/n01498041/ILSVRC2012_val_00001935.JPEG,stingray,/home/davidva/experiments_David/predict_imagenet_labels-imagenet-r_resnet34_01-08-2023_17-19-07/results/val_embeddings/300_embeddings.npy,stingray,0.9998855590820312,pufferfish,9.369810140924528e-05,eel,1.3305729225976393e-05,hammerhead shark,5.7585161812312435e-06,guinea pig,1.97816788727323e-07
imagenet,labels-imagenet-r,predict_imagenet_labels-imagenet-r_resnet101_01-08-2023_17-47-28,/datasets/ImageNet/val/n01498041/ILSVRC2012_val_00001935.JPEG,stingray,/home/davidva/experiments_David/predict_imagenet_labels-imagenet-r_resnet101_01-08-2023_17-47-28/results/val_embeddings/300_embeddings.npy,stingray,1.0,pufferfish,3.5610707271871433e-08,guinea pig,5.231722166598729e-09,cowboy hat,4.195324088129837e-09,hammerhead shark,3.893555255984893e-09
imagenet,labels-imagenet-r,predict_imagenet_labels-imagenet-r_resnet152_01-08-2023_19-15-19,/datasets/ImageNet/val/n01498041/ILSVRC2012_val_00001935.JPEG,stingray,/home/davidva/experiments_David/predict_imagenet_labels-imagenet-r_resnet152_01-08-2023_19-15-19/results/val_embeddings/300_embeddings.npy,stingray,0.9999998807907104,pufferfish,6.393351270617131e-08,hammerhead shark,4.75732839788634e-08,eel,2.9751172636593992e-09,shield,1.4451494445566482e-09
imagenet,labels-imagenet-r,predict_imagenet_labels-imagenet-r_vgg16_01-08-2023_20-51-45,/datasets/ImageNet/val/n01498041/ILSVRC2012_val_00001935.JPEG,stingray,/home/davidva/experiments_David/predict_imagenet_labels-imagenet-r_vgg16_01-08-2023_20-51-45/results/val_embeddings/300_embeddings.npy,stingray,0.9999998807907104,pufferfish,1.7259942808323103e-07,eel,2.5347930421304454e-09,hammerhead shark,5.781482514954916e-10,sandal,2.689162226232611e-10
imagenet,labels-imagenet-r,predict_imagenet_labels-imagenet-r_resnet50_01-08-2023_15-35-54,/datasets/ImageNet/val/n01498041/ILSVRC2012_val_00001935.JPEG,stingray,/home/davidva/experiments_David/predict_imagenet_labels-imagenet-r_resnet50_01-08-2023_15-35-54/results/val_embeddings/300_embeddings.npy,stingray,0.8689877390861511,hammerhead shark,0.0014157857513055205,mushroom,0.0010422006016597152,candle,0.0010054424637928605,tennis ball,0.0009719497757032514
imagenet,labels-imagenet-r,predict_imagenet_labels-imagenet-r_vgg19_01-08-2023_22-16-25,/datasets/ImageNet/val/n01498041/ILSVRC2012_val_00001935.JPEG,stingray,/home/davidva/experiments_David/predict_imagenet_labels-imagenet-r_vgg19_01-08-2023_22-16-25/results/val_embeddings/300_embeddings.npy,stingray,0.9999996423721313,pufferfish,3.8646547295684286e-07,eel,4.4436809787384846e-08,jellyfish,1.596909804391089e-08,sandal,5.594902319216999e-09
imagenet,labels-imagenet-r,predict_imagenet_labels-imagenet-r_alexnet_01-08-2023_23-55-23,/datasets/ImageNet/val/n01498041/ILSVRC2012_val_00001935.JPEG,stingray,/home/davidva/experiments_David/predict_imagenet_labels-imagenet-r_alexnet_01-08-2023_23-55-23/results/val_embeddings/300_embeddings.npy,stingray,0.9994571805000305,eel,0.00029122232808731496,hammerhead shark,4.740627628052607e-05,cauldron,2.934402073151432e-05,sandal,2.844429218384903e-05
imagenet,labels-imagenet-r,predict_imagenet_labels-imagenet-r_resnext_02-08-2023_00-07-28,/datasets/ImageNet/val/n01498041/ILSVRC2012_val_00001935.JPEG,stingray,/home/davidva/experiments_David/predict_imagenet_labels-imagenet-r_resnext_02-08-2023_00-07-28/results/val_embeddings/300_embeddings.npy,stingray,0.7778344750404358,hammerhead shark,0.00508228549733758,eel,0.0018291263841092587,great white shark,0.001689755474217236,pufferfish,0.0016321383882313967
imagenet,labels-imagenet-r,predict_imagenet_labels-imagenet-r_wide_resnet_02-08-2023_02-35-42,/datasets/ImageNet/val/n01498041/ILSVRC2012_val_00001935.JPEG,stingray,/home/davidva/experiments_David/predict_imagenet_labels-imagenet-r_wide_resnet_02-08-2023_02-35-42/results/val_embeddings/300_embeddings.npy,stingray,0.963141143321991,hammerhead shark,0.00036522423033602536,guinea pig,0.00029785020160488784,Whippet,0.0002865807036869228,Pomeranian,0.0002711049164645374
imagenet,labels-imagenet-r,predict_imagenet_labels-imagenet-r_densenet121_02-08-2023_04-51-34,/datasets/ImageNet/val/n01498041/ILSVRC2012_val_00001935.JPEG,stingray,/home/davidva/experiments_David/predict_imagenet_labels-imagenet-r_densenet121_02-08-2023_04-51-34/results/val_embeddings/300_embeddings.npy,stingray,0.9990319013595581,pufferfish,0.0009348254534415901,eel,2.7046355171478353e-05,jellyfish,1.1856488981720759e-06,hammerhead shark,7.104425208126486e-07
imagenet,labels-imagenet-r,predict_imagenet_labels-imagenet-r_googlenet_02-08-2023_05-44-50,/datasets/ImageNet/val/n01498041/ILSVRC2012_val_00001935.JPEG,stingray,/home/davidva/experiments_David/predict_imagenet_labels-imagenet-r_googlenet_02-08-2023_05-44-50/results/val_embeddings/300_embeddings.npy,stingray,0.9994028806686401,eel,0.00022035467554815114,pufferfish,8.740403427509591e-05,hammerhead shark,6.028132702340372e-05,mitten,3.88855260098353e-05
imagenet,labels-imagenet-r,predict_imagenet_labels-imagenet-r_mobilenet_v2_02-08-2023_06-15-22,/datasets/ImageNet/val/n01498041/ILSVRC2012_val_00001935.JPEG,stingray,/home/davidva/experiments_David/predict_imagenet_labels-imagenet-r_mobilenet_v2_02-08-2023_06-15-22/results/val_embeddings/300_embeddings.npy,stingray,0.8621193170547485,pufferfish,0.044923678040504456,eel,0.022390469908714294,hammerhead shark,0.002967774635180831,axolotl,0.002834367100149393
imagenet,labels-imagenet-a,predict_imagenet_labels-imagenet-a_resnet50_02-08-2023_06-43-04,/datasets/ImageNet/val/n01498041/ILSVRC2012_val_00001935.JPEG,stingray,/home/davidva/experiments_David/predict_imagenet_labels-imagenet-a_resnet50_02-08-2023_06-43-04/results/val_embeddings/300_embeddings.npy,stingray,0.8696243762969971,shovel,0.0010802726028487086,mushroom,0.001042964169755578,candle,0.0010061790235340595,flatworm,0.0009652793523855507
imagenet,labels-imagenet-a,predict_imagenet_labels-imagenet-a_resnet18_02-08-2023_07-34-13,/datasets/ImageNet/val/n01498041/ILSVRC2012_val_00001935.JPEG,stingray,/home/davidva/experiments_David/predict_imagenet_labels-imagenet-a_resnet18_02-08-2023_07-34-13/results/val_embeddings/300_embeddings.npy,stingray,0.999729335308075,pufferfish,0.0002185632474720478,shovel,2.9573844585684128e-05,flatworm,8.41285327624064e-06,broom,2.653596311574802e-06
imagenet,labels-imagenet-a,predict_imagenet_labels-imagenet-a_resnet34_02-08-2023_07-54-52,/datasets/ImageNet/val/n01498041/ILSVRC2012_val_00001935.JPEG,stingray,/home/davidva/experiments_David/predict_imagenet_labels-imagenet-a_resnet34_02-08-2023_07-54-52/results/val_embeddings/300_embeddings.npy,stingray,0.999897837638855,pufferfish,9.369925101054832e-05,shovel,2.7799421786767198e-06,spatula,1.8318866068511852e-06,mask,8.835324365463748e-07
imagenet,labels-imagenet-a,predict_imagenet_labels-imagenet-a_resnet101_02-08-2023_08-24-17,/datasets/ImageNet/val/n01498041/ILSVRC2012_val_00001935.JPEG,stingray,/home/davidva/experiments_David/predict_imagenet_labels-imagenet-a_resnet101_02-08-2023_08-24-17/results/val_embeddings/300_embeddings.npy,stingray,0.9999977350234985,shovel,2.1331429707061034e-06,spatula,5.345471976170302e-08,pufferfish,3.561062555945682e-08,flatworm,1.9362331737937666e-09
imagenet,labels-imagenet-a,predict_imagenet_labels-imagenet-a_resnet152_02-08-2023_09-40-00,/datasets/ImageNet/val/n01498041/ILSVRC2012_val_00001935.JPEG,stingray,/home/davidva/experiments_David/predict_imagenet_labels-imagenet-a_resnet152_02-08-2023_09-40-00/results/val_embeddings/300_embeddings.npy,stingray,0.9999972581863403,shovel,2.6663435619411757e-06,pufferfish,6.393334217591473e-08,flatworm,4.437189282668896e-09,spatula,4.100333406142909e-09
imagenet,labels-imagenet-a,predict_imagenet_labels-imagenet-a_vgg16_02-08-2023_11-25-10,/datasets/ImageNet/val/n01498041/ILSVRC2012_val_00001935.JPEG,stingray,/home/davidva/experiments_David/predict_imagenet_labels-imagenet-a_vgg16_02-08-2023_11-25-10/results/val_embeddings/300_embeddings.npy,stingray,0.9999997615814209,pufferfish,1.725993996615216e-07,doormat,3.957126892828455e-08,shovel,3.2251456616450014e-08,manhole cover,2.902426077255882e-09
imagenet,labels-imagenet-a,predict_imagenet_labels-imagenet-a_vgg19_02-08-2023_12-54-21,/datasets/ImageNet/val/n01498041/ILSVRC2012_val_00001935.JPEG,stingray,/home/davidva/experiments_David/predict_imagenet_labels-imagenet-a_vgg19_02-08-2023_12-54-21/results/val_embeddings/300_embeddings.npy,stingray,0.9999994039535522,pufferfish,3.8646538769171457e-07,manhole cover,1.3440151747090567e-07,flatworm,5.5270326981826656e-08,shovel,3.2111984182847664e-08
imagenet,labels-imagenet-a,predict_imagenet_labels-imagenet-a_alexnet_02-08-2023_14-36-03,/datasets/ImageNet/val/n01498041/ILSVRC2012_val_00001935.JPEG,stingray,/home/davidva/experiments_David/predict_imagenet_labels-imagenet-a_alexnet_02-08-2023_14-36-03/results/val_embeddings/300_embeddings.npy,stingray,0.999154806137085,shovel,0.00021143876074347645,manhole cover,0.00014690979151055217,sundial,0.00011158394045196474,spatula,9.29782836465165e-05
imagenet,labels-imagenet-r,predict_imagenet_labels-imagenet-r_resnet18_02-08-2023_16-33-15,/datasets/ImageNet/val/n01496331/ILSVRC2012_val_00006554.JPEG,stingray,/home/davidva/experiments_David/predict_imagenet_labels-imagenet-r_resnet18_02-08-2023_16-33-15/results/val_embeddings/256_embeddings.npy,stingray,0.999687910079956,pufferfish,0.00021855418162886053,eel,7.956209447002038e-05,hammerhead shark,3.186993808412808e-06,broom,2.6534864900895627e-06
imagenet,labels-imagenet-r,predict_imagenet_labels-imagenet-r_resnet34_02-08-2023_16-40-31,/datasets/ImageNet/val/n01496331/ILSVRC2012_val_00006554.JPEG,stingray,/home/davidva/experiments_David/predict_imagenet_labels-imagenet-r_resnet34_02-08-2023_16-40-31/results/val_embeddings/256_embeddings.npy,stingray,0.9998855590820312,pufferfish,9.369810140924528e-05,eel,1.3305729225976393e-05,hammerhead shark,5.7585161812312435e-06,guinea pig,1.97816788727323e-07
imagenet,labels-imagenet-r,predict_imagenet_labels-imagenet-r_resnet50_02-08-2023_17-03-05,/datasets/ImageNet/val/n01496331/ILSVRC2012_val_00006554.JPEG,stingray,/home/davidva/experiments_David/predict_imagenet_labels-imagenet-r_resnet50_02-08-2023_17-03-05/results/val_embeddings/256_embeddings.npy,stingray,0.8689877390861511,hammerhead shark,0.0014157857513055205,mushroom,0.0010422006016597152,candle,0.0010054424637928605,tennis ball,0.0009719497757032514
imagenet,labels-imagenet-r,predict_imagenet_labels-imagenet-r_resnet18_02-08-2023_17-16-20,/datasets/ImageNet/val/n01496331/ILSVRC2012_val_00006554.JPEG,stingray,/home/davidva/experiments_David/predict_imagenet_labels-imagenet-r_resnet18_02-08-2023_17-16-20/results/val_embeddings/256_embeddings.npy,stingray,0.999687910079956,pufferfish,0.00021855418162886053,eel,7.956209447002038e-05,hammerhead shark,3.186993808412808e-06,broom,2.6534864900895627e-06
imagenet,labels-imagenet-r,predict_imagenet_labels-imagenet-r_resnet34_02-08-2023_17-23-15,/datasets/ImageNet/val/n01496331/ILSVRC2012_val_00006554.JPEG,stingray,/home/davidva/experiments_David/predict_imagenet_labels-imagenet-r_resnet34_02-08-2023_17-23-15/results/val_embeddings/256_embeddings.npy,stingray,0.9998855590820312,pufferfish,9.369810140924528e-05,eel,1.3305729225976393e-05,hammerhead shark,5.7585161812312435e-06,guinea pig,1.97816788727323e-07
imagenet,labels-imagenet-r,predict_imagenet_labels-imagenet-r_resnet101_02-08-2023_17-32-22,/datasets/ImageNet/val/n01496331/ILSVRC2012_val_00006554.JPEG,stingray,/home/davidva/experiments_David/predict_imagenet_labels-imagenet-r_resnet101_02-08-2023_17-32-22/results/val_embeddings/256_embeddings.npy,stingray,1.0,pufferfish,3.5610707271871433e-08,guinea pig,5.231722166598729e-09,cowboy hat,4.195324088129837e-09,hammerhead shark,3.893555255984893e-09
imagenet,labels-imagenet-r,predict_imagenet_labels-imagenet-r_resnet152_02-08-2023_17-49-45,/datasets/ImageNet/val/n01496331/ILSVRC2012_val_00006554.JPEG,stingray,/home/davidva/experiments_David/predict_imagenet_labels-imagenet-r_resnet152_02-08-2023_17-49-45/results/val_embeddings/256_embeddings.npy,stingray,0.9999998807907104,pufferfish,6.393351270617131e-08,hammerhead shark,4.75732839788634e-08,eel,2.9751172636593992e-09,shield,1.4451494445566482e-09
imagenet,labels-imagenet-r,predict_imagenet_labels-imagenet-r_vgg16_02-08-2023_18-11-34,/datasets/ImageNet/val/n01496331/ILSVRC2012_val_00006554.JPEG,stingray,/home/davidva/experiments_David/predict_imagenet_labels-imagenet-r_vgg16_02-08-2023_18-11-34/results/val_embeddings/256_embeddings.npy,stingray,0.9999998807907104,pufferfish,1.7259942808323103e-07,eel,2.5347930421304454e-09,hammerhead shark,5.781482514954916e-10,sandal,2.689162226232611e-10
imagenet,labels-imagenet-r,predict_imagenet_labels-imagenet-r_vgg19_02-08-2023_18-30-01,/datasets/ImageNet/val/n01496331/ILSVRC2012_val_00006554.JPEG,stingray,/home/davidva/experiments_David/predict_imagenet_labels-imagenet-r_vgg19_02-08-2023_18-30-01/results/val_embeddings/256_embeddings.npy,stingray,0.9999996423721313,pufferfish,3.8646547295684286e-07,eel,4.4436809787384846e-08,jellyfish,1.596909804391089e-08,sandal,5.594902319216999e-09
imagenet,labels-imagenet-r,predict_imagenet_labels-imagenet-r_alexnet_02-08-2023_18-50-51,/datasets/ImageNet/val/n01496331/ILSVRC2012_val_00006554.JPEG,stingray,/home/davidva/experiments_David/predict_imagenet_labels-imagenet-r_alexnet_02-08-2023_18-50-51/results/val_embeddings/256_embeddings.npy,stingray,0.9994571805000305,eel,0.00029122232808731496,hammerhead shark,4.740627628052607e-05,cauldron,2.934402073151432e-05,sandal,2.844429218384903e-05
imagenet,labels-imagenet-r,predict_imagenet_labels-imagenet-r_resnext_02-08-2023_18-54-51,/datasets/ImageNet/val/n01496331/ILSVRC2012_val_00006554.JPEG,stingray,/home/davidva/experiments_David/predict_imagenet_labels-imagenet-r_resnext_02-08-2023_18-54-51/results/val_embeddings/256_embeddings.npy,stingray,0.7778344750404358,hammerhead shark,0.00508228549733758,eel,0.0018291263841092587,great white shark,0.001689755474217236,pufferfish,0.0016321383882313967
imagenet,labels-imagenet-r,predict_imagenet_labels-imagenet-r_googlenet_02-08-2023_20-02-23,/datasets/ImageNet/val/n01496331/ILSVRC2012_val_00006554.JPEG,stingray,/home/davidva/experiments_David/predict_imagenet_labels-imagenet-r_googlenet_02-08-2023_20-02-23/results/val_embeddings/256_embeddings.npy,stingray,0.9994028806686401,eel,0.00022035467554815114,pufferfish,8.740403427509591e-05,hammerhead shark,6.028132702340372e-05,mitten,3.88855260098353e-05
imagenet,labels-imagenet-a,predict_imagenet_labels-imagenet-a_resnet50_02-08-2023_20-17-25,/datasets/ImageNet/val/n01440764/ILSVRC2012_val_00000293.JPEG,stingray,/home/davidva/experiments_David/predict_imagenet_labels-imagenet-a_resnet50_02-08-2023_20-17-25/results/val_embeddings/256_embeddings.npy,stingray,0.8696243762969971,shovel,0.0010802726028487086,mushroom,0.001042964169755578,candle,0.0010061790235340595,flatworm,0.0009652793523855507
imagenet,labels-imagenet-a,predict_imagenet_labels-imagenet-a_resnet18_02-08-2023_20-29-21,/datasets/ImageNet/val/n01440764/ILSVRC2012_val_00000293.JPEG,stingray,/home/davidva/experiments_David/predict_imagenet_labels-imagenet-a_resnet18_02-08-2023_20-29-21/results/val_embeddings/256_embeddings.npy,stingray,0.999729335308075,pufferfish,0.0002185632474720478,shovel,2.9573844585684128e-05,flatworm,8.41285327624064e-06,broom,2.653596311574802e-06
imagenet,labels-imagenet-a,predict_imagenet_labels-imagenet-a_resnet34_02-08-2023_20-35-32,/datasets/ImageNet/val/n01440764/ILSVRC2012_val_00000293.JPEG,stingray,/home/davidva/experiments_David/predict_imagenet_labels-imagenet-a_resnet34_02-08-2023_20-35-32/results/val_embeddings/256_embeddings.npy,stingray,0.999897837638855,pufferfish,9.369925101054832e-05,shovel,2.7799421786767198e-06,spatula,1.8318866068511852e-06,mask,8.835324365463748e-07
imagenet,labels-imagenet-a,predict_imagenet_labels-imagenet-a_resnet101_02-08-2023_20-43-28,/datasets/ImageNet/val/n01440764/ILSVRC2012_val_00000293.JPEG,stingray,/home/davidva/experiments_David/predict_imagenet_labels-imagenet-a_resnet101_02-08-2023_20-43-28/results/val_embeddings/256_embeddings.npy,stingray,0.9999977350234985,shovel,2.1331429707061034e-06,spatula,5.345471976170302e-08,pufferfish,3.561062555945682e-08,flatworm,1.9362331737937666e-09
imagenet,labels-imagenet-a,predict_imagenet_labels-imagenet-a_resnet152_02-08-2023_20-59-02,/datasets/ImageNet/val/n01440764/ILSVRC2012_val_00000293.JPEG,stingray,/home/davidva/experiments_David/predict_imagenet_labels-imagenet-a_resnet152_02-08-2023_20-59-02/results/val_embeddings/256_embeddings.npy,stingray,0.9999972581863403,shovel,2.6663435619411757e-06,pufferfish,6.393334217591473e-08,flatworm,4.437189282668896e-09,spatula,4.100333406142909e-09
imagenet,labels-imagenet-a,predict_imagenet_labels-imagenet-a_vgg16_02-08-2023_21-20-28,/datasets/ImageNet/val/n01440764/ILSVRC2012_val_00000293.JPEG,stingray,/home/davidva/experiments_David/predict_imagenet_labels-imagenet-a_vgg16_02-08-2023_21-20-28/results/val_embeddings/256_embeddings.npy,stingray,0.9999997615814209,pufferfish,1.725993996615216e-07,doormat,3.957126892828455e-08,shovel,3.2251456616450014e-08,manhole cover,2.902426077255882e-09
imagenet,resnet50,predict_imagenet_resnet50_22-07-2023_19-11-20,0.80856,0.39680512098979204,0.1766043349229566,4.378024011884778,0.0010000000318000093,0.00019540043649472183,28.46491827612877,848.5283491407776,0.5992963069573977,0.09679791574843227,0.03609267458977938,1.275563239864087,-0.0824920258140564,0.3469176264167491
imagenet,labels-imagenet-a,predict_imagenet_labels-imagenet-a_vgg19_02-08-2023_21-39-06,/datasets/ImageNet/val/n01440764/ILSVRC2012_val_00000293.JPEG,stingray,/home/davidva/experiments_David/predict_imagenet_labels-imagenet-a_vgg19_02-08-2023_21-39-06/results/val_embeddings/256_embeddings.npy,stingray,0.9999994039535522,pufferfish,3.8646538769171457e-07,manhole cover,1.3440151747090567e-07,flatworm,5.5270326981826656e-08,shovel,3.2111984182847664e-08
imagenet,resnet18,predict_imagenet_resnet18_22-07-2023_20-24-28,0.69758,0.7201774695518985,0.28015624648246124,1.0839474918155911,0.0010000001814146526,0.0006278685515514963,27.623414300584795,809.1595476230622,0.6164130811881056,0.18090946494948118,0.11456134124424601,1.2096943350563558,-0.1668119432401657,0.6144881693193639
imagenet,resnet34,predict_imagenet_resnet34_22-07-2023_20-52-31,0.73314,0.7678037980119139,0.2599382795888709,0.8741677453390085,0.0010000002097245305,0.0006854309872294152,28.392337888784407,843.342880204773,0.5269697560314993,0.18628105371497572,0.1269793848602837,1.254540180627008,-0.11215729789018632,0.6693937968304808
imagenet,resnet101,predict_imagenet_resnet101_22-07-2023_21-14-11,0.77374,0.8226801184078493,0.23363925153756177,0.6360291232691752,0.0010000002239434979,0.0007563447936041711,29.17342347205162,878.9842532546616,0.41473100331065454,0.19147275273237377,0.14266710541042224,1.301357757153943,-0.04771842122554779,0.7365813506567165
imagenet,resnet152,predict_imagenet_resnet152_22-07-2023_21-57-15,0.78312,0.8331403292528726,0.22722494743112923,0.5930381859783753,0.0010000002313405275,0.0007696190818601917,29.32115975713253,886.0009797459412,0.3942347113064493,0.1923637337287143,0.1456262229038747,1.3127548127179325,-0.03284055277824402,0.7499418075726803
imagenet,vgg16,predict_imagenet_vgg16_22-07-2023_22-51-58,0.71592,0.7398187017942592,0.2762127706818654,0.9786985890043306,0.001000000141132623,0.0006539129807233349,27.854527863602637,819.4996511626052,0.5785152885075233,0.1833402334946394,0.12011980616051371,1.223743021727273,-0.14938835739850997,0.636809186255721
imagenet,vgg19,predict_imagenet_vgg19_22-07-2023_23-40-06,0.72376,0.7472268920699693,0.2738814243805326,0.9482161725221996,0.001000000142797362,0.0006633169415024554,27.96492443198204,824.4546044297409,0.5624119262897355,0.18400560356751083,0.12220880377525187,1.2285455882036667,-0.14280689063072205,0.6454065094358535
imagenet,alexnet,predict_imagenet_alexnet_23-07-2023_01-05-35,0.56522,0.5830045132459142,0.30920539647565715,1.7241746942898803,0.0010000001353118568,0.0004693931572704059,25.233429437975882,705.8550423661042,0.8519464552287281,0.1620803104718402,0.08164741927032386,1.0937434517242166,-0.30816488218069077,0.4668536961975514
imagenet,resnext,predict_imagenet_resnext_23-07-2023_01-14-37,0.8283,0.4287520837162435,0.16687420538742165,4.251528580505139,0.0010000000320980326,0.00021784401485818534,29.337646515626908,887.5040128279877,0.48235681275530196,0.10049526555489749,0.040906028678897616,1.3229791382248397,-0.019410976014137268,0.38403566338385964
imagenet,wide_resnet,predict_imagenet_wide_resnet_23-07-2023_02-36-11,0.82514,0.70008131370835,0.1896040144320515,2.1590473239570978,0.001000000031106174,0.0005380558280710102,29.83037538101196,909.9107213842774,0.35706400459606247,0.15738946578960866,0.10299200291379362,1.350737583631831,0.02006824231147766,0.6423405994041251
imagenet,densenet121,predict_imagenet_densenet121_23-07-2023_03-48-42,0.74434,0.7672847224698961,0.2588404887555742,0.8825882113501212,0.001000000211589504,0.0006837368599946786,28.41461542503357,844.4648361699295,0.5296666943957826,0.18616136518022044,0.12661754315216128,1.2562669028738507,-0.10828757228851318,0.6694786012329798
imagenet,googlenet,predict_imagenet_googlenet_23-07-2023_04-18-24,0.69778,0.6351552291972563,0.2976528016101218,1.8291291797468234,0.0010000000397930853,0.0005182003958934411,26.931981737041472,779.6531254825592,0.7128901934409972,0.16305731258125974,0.09381742299916573,1.1811550010792973,-0.206316950674057,0.5343122579745133
imagenet,mobilenet,predict_imagenet_mobilenet_v2_23-07-2023_04-36-11,0.72156,0.3486093965431116,0.24405034915922535,4.325279622250823,0.0010000000314903446,0.0001912857970274672,25.124107955584527,706.4937951942825,0.9215999282685632,0.09508155645968393,0.03387639227039518,1.1240095658100313,-0.2727425123167038,0.2845521558237687
imagenetv2-matched-frequency-format-val,resnet50,predict_imagenetv2-matched-frequency-format-val_resnet50_23-07-2023_04-52-27,0.6987,0.35227003272622825,0.17973522842343734,4.5662545304814355,0.0010000000318163074,0.0001642112255795496,27.1194602560997,788.874483984375,0.7357238154765858,0.09115987975280732,0.029536034137493745,1.2027967296494484,-0.17887423170804978,0.2963434495269046
imagenetv2-matched-frequency-format-val,resnet18,predict_imagenetv2-matched-frequency-format-val_resnet18_23-07-2023_04-58-23,0.5729,0.6392724982626736,0.29660908453824447,1.4412573652326934,0.0010000001581269317,0.0005315605130757376,26.288748311185838,749.2566155448914,0.7650704933691566,0.17175897556990385,0.09387067705304421,1.1264517150436615,-0.2699178315758705,0.5204976310312193
imagenetv2-matched-frequency-format-val,resnet34,predict_imagenetv2-matched-frequency-format-val_resnet34_23-07-2023_05-00-52,0.6101,0.6902199965365231,0.28588977503447394,1.2077496841502473,0.0010000001796055585,0.0005911425205233172,27.12904489264488,786.3525907798767,0.6751803710844563,0.17824822174161672,0.10644845657868308,1.1744542210880402,-0.21124291750192642,0.5772364975789542
imagenetv2-matched-frequency-format-val,resnet101,predict_imagenetv2-matched-frequency-format-val_resnet101_23-07-2023_05-04-14,0.6554,0.7586905958890915,0.26352272344443467,0.9028916441501491,0.001000000205996912,0.0006747103748106383,28.222406225299835,835.3345742210388,0.5453890347209832,0.1857907546054572,0.12448511744751731,1.2420625030019903,-0.12612993965148925,0.6567636267654403
imagenetv2-matched-frequency-format-val,resnet152,predict_imagenetv2-matched-frequency-format-val_resnet152_23-07-2023_05-11-56,0.6698,0.7657058679401875,0.2616330813390789,0.8676911596499898,0.0010000002081389538,0.0006842969234818156,28.295330252313615,838.5009890716552,0.530968486648565,0.18661598348990083,0.12655531554856178,1.2438245250767423,-0.12469201518297196,0.6645303927797723
imagenetv2-matched-frequency-format-val,vgg16,predict_imagenetv2-matched-frequency-format-val_vgg16_23-07-2023_05-22-29,0.5881,0.6553158183515072,0.2977544922474128,1.3491913695010536,0.0010000001353560946,0.000552680995989158,26.459084646606446,757.0950812152862,0.7357682431315402,0.17387775252722204,0.0983104163969555,1.1425205005174823,-0.2527107903957367,0.5386441052651706
imagenetv2-matched-frequency-format-val,vgg19,predict_imagenetv2-matched-frequency-format-val_vgg19_23-07-2023_05-31-00,0.597,0.6644106438316405,0.2960705529935691,1.3143958586691518,0.001000000133609865,0.000563120636814483,26.646834693717956,765.3235795284271,0.7182095529963511,0.17478049243763089,0.10060876285947688,1.1551280511044868,-0.23889493416547775,0.5493460233507187
imagenetv2-matched-frequency-format-val,alexnet,predict_imagenetv2-matched-frequency-format-val_alexnet_23-07-2023_05-40-56,0.4351,0.5021261681891978,0.305139355229122,2.1143411767552056,0.0010000001187203452,0.0003808539288861539,23.68594242568016,640.035607524681,0.9850276070934766,0.15014065903648735,0.06354025499703916,1.0253325612508692,-0.3893659759759903,0.38148460426890435
imagenetv2-matched-frequency-format-val,resnext,predict_imagenetv2-matched-frequency-format-val_resnext_23-07-2023_05-42-17,0.7254,0.38383623086698354,0.17145705761032007,4.447572383179399,0.0010000000332365743,0.00018412479852277102,28.23025578684807,837.1064650470734,0.6193482745324843,0.09512179682031274,0.03373468006838384,1.2534360006396426,-0.1103292871594429,0.33132006840063594
imagenetv2-matched-frequency-format-val,wide_resnet,predict_imagenetv2-matched-frequency-format-val_wide_resnet_23-07-2023_05-57-13,0.7118,0.6457149672735483,0.21819574920011936,2.411566564666343,0.0010000000294763595,0.0004791585083721657,28.980508331871032,870.455790285492,0.4795545349117667,0.15166209445837886,0.09016458349681289,1.29272387635177,-0.059519840919971465,0.5759782089944862
imagenetv2-matched-frequency-format-val,densenet121,predict_imagenetv2-matched-frequency-format-val_densenet121_23-07-2023_06-11-35,0.6201,0.691874415871501,0.283443639902757,1.20979178039115,0.0010000001843553036,0.0005915935816344245,27.23395259041786,790.9698477191926,0.671656601407113,0.17816391421444713,0.10661538599201395,1.1862726153425334,-0.20131859401464464,0.5794766897486521
imagenetv2-matched-frequency-format-val,googlenet,predict_imagenetv2-matched-frequency-format-val_googlenet_23-07-2023_06-17-42,0.5785,0.55034468241781,0.3083331118453673,2.2838837716052547,0.001000000038545113,0.0004253158468970696,25.398341582870483,713.7007179735184,0.8551343460411148,0.15045798540301622,0.07480819234058395,1.104619217296887,-0.2943894394040108,0.4447061005280382
imagenetv2-matched-frequency-format-val,mobilenet,predict_imagenetv2-matched-frequency-format-val_mobilenet_v2_23-07-2023_06-21-11,0.597,0.281894056500867,0.2268063591983367,4.700766737242788,0.0010000000326661393,0.00014073724629300272,23.129496096611025,624.1281494091033,1.0509001839458012,0.08272559484243393,0.024121536337493074,1.032060227861796,-0.3803819467782974,0.2189292194569076
imagenetv2-threshold0.7-format-val,resnet50,predict_imagenetv2-threshold0.7-format-val_resnet50_23-07-2023_06-24-16,0.7771,0.37633578464929013,0.1752532728201509,4.478126975461841,0.0010000000329338946,0.00017961586538551728,27.95756674027443,825.2115429805756,0.653809251612192,0.09406915887231007,0.032821445264857085,1.2406555671122157,-0.1300189848780632,0.32332326652960985
imagenetv2-threshold0.7-format-val,resnet18,predict_imagenetv2-threshold0.7-format-val_resnet18_23-07-2023_06-30-17,0.6652,0.6954206397861242,0.2830381850118838,1.189959809109286,0.0010000001749023795,0.0005962192173224593,27.27737079334259,793.1046852222443,0.6658390814216609,0.17865025013238192,0.10753967344403145,1.1855987725635815,-0.19612427134513855,0.5838441965997813
imagenetv2-threshold0.7-format-val,resnet34,predict_imagenetv2-threshold0.7-format-val_resnet34_23-07-2023_06-33-09,0.7009,0.7423613727159798,0.2674420845498239,0.9780789547579314,0.001000000200443901,0.0006533614967682297,28.002872083091734,825.1742850471496,0.5779895461650965,0.1841447038602084,0.1197905656874521,1.2240346200184455,-0.15245338989496232,0.6362982201263964
imagenetv2-threshold0.7-format-val,resnet101,predict_imagenetv2-threshold0.7-format-val_resnet101_23-07-2023_06-36-34,0.7414,0.8026935017667711,0.24062150883176667,0.7196673282014358,0.0010000002201646567,0.0007288359410509656,28.92392604942322,867.4037377433776,0.4587027728605073,0.18998113913349807,0.1364063194670831,1.2864318716261303,-0.06816707648038864,0.7102782703603354
imagenetv2-threshold0.7-format-val,resnet152,predict_imagenetv2-threshold0.7-format-val_resnet152_23-07-2023_06-44-30,0.751,0.810717179883644,0.23770280355042234,0.6796726175232181,0.001000000224658288,0.00074031724325705,29.002921285772324,870.7509561786652,0.4414716035236023,0.1908566836548969,0.13892075613278412,1.2890603869546904,-0.0664522120475769,0.7193473732994972
imagenetv2-threshold0.7-format-val,vgg16,predict_imagenetv2-threshold0.7-format-val_vgg16_23-07-2023_06-55-31,0.6813,0.7076449769871309,0.28344156202605897,1.1162672922631558,0.0010000001430511476,0.000613511880734859,27.366099185848235,797.4397658542633,0.642602532365992,0.18020502126477658,0.11120585024231927,1.1923021141697951,-0.18737880996465683,0.5974444574670431
imagenetv2-threshold0.7-format-val,vgg19,predict_imagenetv2-threshold0.7-format-val_vgg19_23-07-2023_07-04-24,0.6868,0.7165867352176457,0.2815149220735806,1.0802242128301882,0.0010000001406413504,0.0006243206429512156,27.520273135137558,804.2628252532959,0.625979184886288,0.18115275012142956,0.11356951802383665,1.203836056360614,-0.17355652223825455,0.608782020080553
imagenetv2-threshold0.7-format-val,alexnet,predict_imagenetv2-threshold0.7-format-val_alexnet_23-07-2023_07-14-35,0.512,0.5487229662973434,0.3060655035232684,1.8809637107298676,0.0010000001307926142,0.000429867380150381,24.60476513829231,678.9931694200516,0.9127788567800764,0.15760031224805862,0.07331383659577714,1.068830235464509,-0.3395292018055916,0.42895814842050983
imagenetv2-threshold0.7-format-val,resnext,predict_imagenetv2-threshold0.7-format-val_resnext_23-07-2023_07-16-02,0.7975,0.4038738312942907,0.16327856690202047,4.383350159461424,0.001000000032002572,0.00019646936547171662,28.907507100868227,867.2403664413453,0.5414542147595377,0.09705461424067617,0.036484836812785214,1.2935318438759627,-0.060727126944065096,0.35541220954050784
imagenetv2-threshold0.7-format-val,wide_resnet,predict_imagenetv2-threshold0.7-format-val_wide_resnet_23-07-2023_07-31-03,0.7953,0.6799348647493869,0.19770622467802984,2.2639043385948985,0.0010000000283005648,0.0005142578936073733,29.588570173072814,898.322773828888,0.4002963964714087,0.1552115882832557,0.09782619162986357,1.3307674932167632,-0.008276609373092651,0.6174005605330222
imagenetsketch,resnet50,predict_imagenetsketch_resnet50_23-07-2023_11-40-46,0.2985989664184237,0.2256382562378065,0.17065475486180018,5.09842465262857,0.0010000000303546084,8.898352051228846e-05,22.392704788469313,588.0276362802971,1.114700767135212,0.07151500443975141,0.01439673123527706,0.9858488047219345,-0.4509741412248964,0.16396554065606828
imagenetv2-threshold0.7-format-val,densenet121,predict_imagenetv2-threshold0.7-format-val_densenet121_23-07-2023_07-45-18,0.705,0.7414502957534045,0.2655507322612459,0.9846435064540896,0.0010000002047396265,0.0006507162276056988,28.03713086977005,826.6801935005188,0.5826318956763694,0.18416231412924827,0.11916666221993837,1.2272454111192987,-0.1471127483487129,0.6357542764737962
imagenetv2-threshold0.7-format-val,googlenet,predict_imagenetv2-threshold0.7-format-val_googlenet_23-07-2023_07-51-09,0.6723,0.6021230241887271,0.29982123326984134,2.0051742224469478,0.0010000000387080945,0.00047957680155336676,26.42104281153679,756.8494703582763,0.7697557515743725,0.15869327014349402,0.08572265825081982,1.1514992387243044,-0.2399298300266266,0.4975314274532775
imagenetv2-threshold0.7-format-val,mobilenet,predict_imagenetv2-threshold0.7-format-val_mobilenet_v2_23-07-2023_07-54-32,0.689,0.32194729519812393,0.2364976855641183,4.478807549568638,0.0010000000346335582,0.000169693427575055,24.483622402048113,679.174601861763,0.9734086336394772,0.09042861847043969,0.02964165706353379,1.0939610030400035,-0.3068413362145424,0.25766957993589457
imagenetv2-top-images-format-val,resnet50,predict_imagenetv2-top-images-format-val_resnet50_23-07-2023_07-57-37,0.8197901049475262,0.3927171748667687,0.1696173149495973,4.42252019173831,0.0010000000312307227,0.00018959064625468063,28.544333805149044,851.4828252133699,0.593189110156531,0.0957335300527621,0.03501020022026026,1.2762519315008944,-0.08361890118220995,0.34297956735094726
imagenetv2-top-images-format-val,resnet18,predict_imagenetv2-top-images-format-val_resnet18_23-07-2023_08-03-28,0.7282358820589705,0.7364383056320469,0.27106601043101264,1.0103965404355855,0.0010000001819946733,0.0006460461603713573,27.93886747102866,822.9463297022753,0.5882950079341945,0.18305106292265108,0.11833400583019238,1.2249237765505383,-0.1428659251545263,0.6319026555054903
imagenetv2-top-images-format-val,resnet34,predict_imagenetv2-top-images-format-val_resnet34_23-07-2023_08-06-00,0.7612193903048475,0.7798619453107816,0.25198123603100236,0.818805055262479,0.0010000002131434805,0.0006998977011210462,28.585546138416465,851.7881606392239,0.5049191721938252,0.18778296615379206,0.13001740121505947,1.263894625507546,-0.10190352806146594,0.6818571937631395
imagenetv2-top-images-format-val,resnet101,predict_imagenetv2-top-images-format-val_resnet101_23-07-2023_08-09-24,0.7865067466266866,0.8319024710175486,0.2250963502922928,0.5969733004140837,0.0010000002282350019,0.0007669787120828043,29.331401276385886,886.2941323969973,0.3986103061375908,0.19249990014010285,0.1449315975953259,1.3109817396600856,-0.033611699344514905,0.7472610468122647
imagenetv2-top-images-format-val,resnet152,predict_imagenetv2-top-images-format-val_resnet152_23-07-2023_08-17-06,0.8020989505247377,0.8424705472251196,0.21746881509920632,0.5542571383295432,0.0010000002344484735,0.0007803720170071345,29.483415353280314,893.2724511725613,0.37677879494243455,0.1933370856295476,0.1479448418119149,1.323337865389452,-0.01933755582716988,0.7604382464822023
imagenetv2-top-images-format-val,vgg16,predict_imagenetv2-top-images-format-val_vgg16_23-07-2023_08-27-30,0.7361319340329835,0.743183966357259,0.2716889822001006,0.961443159130799,0.0010000001432826516,0.0006570082492317965,27.943188357889383,822.9986038829493,0.5725714593230018,0.1839863820795504,0.12066471615099153,1.2261830427492475,-0.15042245526244674,0.6381742082665901
imagenetv2-top-images-format-val,vgg19,predict_imagenetv2-top-images-format-val_vgg19_23-07-2023_08-36-03,0.7406296851574213,0.7529022389720346,0.26916042894740616,0.9226115645216709,0.0010000001408740587,0.0006691474894110321,28.0908366839091,829.8602001695381,0.5537575409726391,0.18488040239006087,0.12336118919558575,1.235593867257219,-0.13317833093331494,0.6510763178598268
imagenetv2-top-images-format-val,alexnet,predict_imagenetv2-top-images-format-val_alexnet_23-07-2023_08-46-09,0.5800099950024987,0.5911455048304954,0.30843232717043134,1.682046142962311,0.001000000134392966,0.0004785853267394791,25.35167204972686,711.2532125847629,0.8406467283355569,0.16343485247669579,0.08341749475063308,1.1033990535597287,-0.2946015218804325,0.47479006157881276
imagenetv2-top-images-format-val,resnext,predict_imagenetv2-top-images-format-val_resnext_23-07-2023_08-47-53,0.8375812093953023,0.41863501023488126,0.15729998891627328,4.330731539135573,0.0010000000326968227,0.00020608366437533033,29.34553523861963,887.4911589058681,0.4869626541466588,0.09845439247928489,0.03860649339013102,1.321621082817233,-0.024005791141294586,0.3734795397284205
imagenetv2-top-images-format-val,wide_resnet,predict_imagenetv2-top-images-format-val_wide_resnet_23-07-2023_09-12-19,0.832783608195902,0.6995313757039171,0.18406242090279484,2.175466243562655,0.0010000000309165584,0.0005351986027276014,29.883858577017186,912.1430674601054,0.35372854957328775,0.15718497910621998,0.10242424138605852,1.3524327093880784,0.02066311998286288,0.6413030089014029
imagenetv2-top-images-format-val,densenet121,predict_imagenetv2-top-images-format-val_densenet121_23-07-2023_09-26-25,0.7667166416791604,0.7783479539075236,0.250601867041219,0.8288257056012469,0.0010000002182748305,0.000696547790645347,28.603356884408747,852.6520125885238,0.5105357234619021,0.18771548808544414,0.1292550923087787,1.2651814275368318,-0.09689797157647906,0.6806535159343322
imagenetv2-top-images-format-val,googlenet,predict_imagenetv2-top-images-format-val_googlenet_23-07-2023_09-32-24,0.7295352323838081,0.6498150717508028,0.29146899669748033,1.7520610663550775,0.001000000039806244,0.0005335161260674717,27.208956463655074,791.4263115798516,0.6881120430498242,0.1654854607795817,0.09686216864399054,1.1919669145132998,-0.1890526411236673,0.5486845585226792
imagenetv2-top-images-format-val,mobilenet,predict_imagenetv2-top-images-format-val_mobilenet_v2_23-07-2023_09-35-59,0.7476261869065467,0.3527685857599956,0.24100244076938024,4.317442211411755,0.0010000000356057512,0.0001926657096688111,25.42955102925298,718.4995755643145,0.9062988507825982,0.09579779473233452,0.034161962412766166,1.1373791382728156,-0.2567365995470969,0.2883863614137608
imagenetsketch,resnet18,predict_imagenetsketch_resnet18_23-07-2023_12-15-07,0.20227545145507064,0.38502445380241473,0.2689417552224834,2.8726738441005657,0.001000000069505897,0.000253440777180948,21.797508679638234,559.5198858595085,1.149212821430233,0.1281439713985397,0.039098907476079255,0.9371907474283172,-0.5057844924166869,0.266668183751352
imagenetsketch,resnet34,predict_imagenetsketch_resnet34_23-07-2023_12-29-52,0.234717337053703,0.4534649360019898,0.28352867747222527,2.4659715839052403,0.0010000000759590542,0.0003209123477171148,23.2068257561595,616.9331452921251,1.055549058587098,0.14190195305399392,0.051716654247492506,0.9850124932569482,-0.44772848868894294,0.32965575312388
imagenetsketch,resnet101,predict_imagenetsketch_resnet101_23-07-2023_12-50-50,0.26967440215362243,0.5065344721613975,0.29502833952410845,2.2059978108654614,0.0010000000896316953,0.0003779843730878744,24.261558722340325,661.8853054826945,0.9657720274652337,0.14981897190964322,0.06333156445446067,1.042753823693113,-0.3822567022846292,0.3843271025107086
imagenetsketch,resnet152,predict_imagenetsketch_resnet152_23-07-2023_13-34-58,0.2853353245171052,0.5316710766984695,0.2966100497218429,2.07697852278447,0.0010000001008360782,0.00040509748135997124,24.77464747383919,682.860920464357,0.9259699333219573,0.1540078534449404,0.06871596673921739,1.0549635180112595,-0.36801037245225326,0.4092045926364296
imagenetsketch,vgg16,predict_imagenetsketch_vgg16_23-07-2023_14-33-12,0.17531587117564992,0.400316722744368,0.2659890245543776,2.709949688961347,0.0010000000771874646,0.0002661341714523486,22.08348441045725,570.1106155039306,1.1408240754566754,0.13333083770521206,0.04076385489074635,0.9406170266856367,-0.49781395634459685,0.2768290959539369
imagenet,labels-imagenet-r,predict_imagenet_labels-imagenet-r_wide_resnet_02-08-2023_19-23-07,/datasets/ImageNet/val/n01496331/ILSVRC2012_val_00006554.JPEG,stingray,/home/davidva/experiments_David/predict_imagenet_labels-imagenet-r_wide_resnet_02-08-2023_19-23-07/results/val_embeddings/256_embeddings.npy,stingray,0.963141143321991,hammerhead shark,0.00036522423033602536,guinea pig,0.00029785020160488784,Whippet,0.0002865807036869228,Pomeranian,0.0002711049164645374
imagenet,labels-imagenet-r,predict_imagenet_labels-imagenet-r_densenet121_02-08-2023_19-50-24,/datasets/ImageNet/val/n01496331/ILSVRC2012_val_00006554.JPEG,stingray,/home/davidva/experiments_David/predict_imagenet_labels-imagenet-r_densenet121_02-08-2023_19-50-24/results/val_embeddings/256_embeddings.npy,stingray,0.9990319013595581,pufferfish,0.0009348254534415901,eel,2.7046355171478353e-05,jellyfish,1.1856488981720759e-06,hammerhead shark,7.104425208126486e-07
imagenet,labels-imagenet-r,predict_imagenet_labels-imagenet-r_mobilenet_v2_02-08-2023_20-10-18,/datasets/ImageNet/val/n01496331/ILSVRC2012_val_00006554.JPEG,stingray,/home/davidva/experiments_David/predict_imagenet_labels-imagenet-r_mobilenet_v2_02-08-2023_20-10-18/results/val_embeddings/256_embeddings.npy,stingray,0.8621193170547485,pufferfish,0.044923678040504456,eel,0.022390469908714294,hammerhead shark,0.002967774635180831,axolotl,0.002834367100149393
imagenet,labels-imagenet-a,predict_imagenet_labels-imagenet-a_alexnet_02-08-2023_22-02-33,/datasets/ImageNet/val/n01440764/ILSVRC2012_val_00000293.JPEG,stingray,/home/davidva/experiments_David/predict_imagenet_labels-imagenet-a_alexnet_02-08-2023_22-02-33/results/val_embeddings/256_embeddings.npy,stingray,0.999154806137085,shovel,0.00021143876074347645,manhole cover,0.00014690979151055217,sundial,0.00011158394045196474,spatula,9.29782836465165e-05
imagenet,labels-imagenet-a,predict_imagenet_labels-imagenet-a_resnext_02-08-2023_22-07-12,/datasets/ImageNet/val/n01440764/ILSVRC2012_val_00000293.JPEG,stingray,/home/davidva/experiments_David/predict_imagenet_labels-imagenet-a_resnext_02-08-2023_22-07-12/results/val_embeddings/256_embeddings.npy,stingray,0.7868030071258545,hockey puck,0.0018267628038302064,pufferfish,0.0016509571578353643,starfish,0.0015851948410272598,sea lion,0.0015454714884981513
imagenet,labels-imagenet-a,predict_imagenet_labels-imagenet-a_wide_resnet_02-08-2023_22-35-06,/datasets/ImageNet/val/n01440764/ILSVRC2012_val_00000293.JPEG,stingray,/home/davidva/experiments_David/predict_imagenet_labels-imagenet-a_wide_resnet_02-08-2023_22-35-06/results/val_embeddings/256_embeddings.npy,stingray,0.9636938571929932,syringe,0.00026545528089627624,American bullfrog,0.0002651719260029495,flatworm,0.00025545412790961564,breastplate,0.00024731404846534133
imagenet,labels-imagenet-a,predict_imagenet_labels-imagenet-a_densenet121_02-08-2023_23-02-02,/datasets/ImageNet/val/n01440764/ILSVRC2012_val_00000293.JPEG,stingray,/home/davidva/experiments_David/predict_imagenet_labels-imagenet-a_densenet121_02-08-2023_23-02-02/results/val_embeddings/256_embeddings.npy,stingray,0.998997151851654,pufferfish,0.0009347929153591394,shovel,5.714081271435134e-05,American bullfrog,2.530997335270513e-06,flatworm,2.100013944072998e-06
imagenet,labels-imagenet-a,predict_imagenet_labels-imagenet-a_googlenet_02-08-2023_23-14-53,/datasets/ImageNet/val/n01440764/ILSVRC2012_val_00000293.JPEG,stingray,/home/davidva/experiments_David/predict_imagenet_labels-imagenet-a_googlenet_02-08-2023_23-14-53/results/val_embeddings/256_embeddings.npy,stingray,0.9994710087776184,flatworm,0.00012545406934805214,pufferfish,8.740999328438193e-05,shovel,7.006282976362854e-05,manhole cover,6.394295633072034e-05
imagenet,labels-imagenet-a,predict_imagenet_labels-imagenet-a_mobilenet_v2_02-08-2023_23-23-19,/datasets/ImageNet/val/n01440764/ILSVRC2012_val_00000293.JPEG,stingray,/home/davidva/experiments_David/predict_imagenet_labels-imagenet-a_mobilenet_v2_02-08-2023_23-23-19/results/val_embeddings/256_embeddings.npy,stingray,0.8732437491416931,pufferfish,0.04550335556268692,flatworm,0.0076482477597892284,jellyfish,0.0024702034424990416,spatula,0.0022494355216622353
